THIRD_NAME,#HOST_SITE-cookie,#HOST_SITE-DOM,#HOST_SITE-NET
js_0.txt.js,0,1,0
js_1.txt.js,0,1,0
js_10.txt.js,1,0,0
js_12.txt.js,0,1,0
js_14.txt.js,0,1,0
js_18.txt.js,0,1,0
js_19.txt.js,0,1,0
js_21.txt.js,0,1,0
js_25.txt.js,0,1,0
js_26.txt.js,1,1,0
js_28.txt.js,0,1,0
js_30.txt.js,0,1,0
js_35.txt.js,0,1,0
js_39.txt.js,0,1,0
js_41.txt.js,0,1,0
js_42.txt.js,0,1,0
js_46.txt.js,0,1,0
js_47.txt.js,0,1,0
js_48.txt.js,0,1,0
js_53.txt.js,0,1,0
js_56.txt.js,0,1,0
js_57.txt.js,0,1,0
js_58.txt.js,0,1,0
js_61.txt.js,0,1,0
js_65.txt.js,0,1,0
js_70.txt.js,0,1,0
js_71.txt.js,0,1,0
js_73.txt.js,0,1,0
js_75.txt.js,0,1,0
js_76.txt.js,0,1,0
js_78.txt.js,0,1,0
js_83.txt.js,0,1,0
js_86.txt.js,0,1,0
js_87.txt.js,0,1,0
js_89.txt.js,0,1,0
js_92.txt.js,0,1,0
js_96.txt.js,0,1,0
js_98.txt.js,1,0,0
js_100.txt.js,0,1,0
js_101.txt.js,0,1,0
js_104.txt.js,0,1,0
js_105.txt.js,0,1,0
js_110.txt.js,0,1,0
js_111.txt.js,0,1,0
js_116.txt.js,1,0,0
js_117.txt.js,0,1,0
js_118.txt.js,1,0,0
js_120.txt.js,0,1,0
js_122.txt.js,0,1,0
js_123.txt.js,0,1,0
js_133.txt.js,0,1,0
js_134.txt.js,0,1,0
js_141.txt.js,1,0,0
js_142.txt.js,0,1,0
js_143.txt.js,0,1,0
js_145.txt.js,0,1,0
js_146.txt.js,0,1,0
js_150.txt.js,0,1,0
js_151.txt.js,0,1,0
js_158.txt.js,0,1,0
js_162.txt.js,0,1,0
js_168.txt.js,0,1,0
js_171.txt.js,0,1,0
js_176.txt.js,0,1,0
js_180.txt.js,0,1,0
js_184.txt.js,0,1,0
js_188.txt.js,0,1,0
js_190.txt.js,0,1,0
js_193.txt.js,0,1,0
js_196.txt.js,0,1,0
js_200.txt.js,0,1,0
js_203.txt.js,0,1,0
js_205.txt.js,0,1,0
js_206.txt.js,0,1,0
js_211.txt.js,0,1,0
js_212.txt.js,0,1,0
js_215.txt.js,0,1,0
js_216.txt.js,0,1,0
js_217.txt.js,0,1,0
js_218.txt.js,0,1,0
js_224.txt.js,0,1,0
js_226.txt.js,0,1,0
js_227.txt.js,0,1,0
js_230.txt.js,0,1,0
js_231.txt.js,0,1,0
js_232.txt.js,0,1,0
js_233.txt.js,0,1,0
js_234.txt.js,0,1,0
js_236.txt.js,0,1,0
js_240.txt.js,0,1,0
js_242.txt.js,0,1,0
js_246.txt.js,0,1,0
js_249.txt.js,0,1,0
js_251.txt.js,0,1,0
js_252.txt.js,0,1,0
js_254.txt.js,0,1,0
js_255.txt.js,0,1,0
js_256.txt.js,0,1,0
js_259.txt.js,0,1,0
js_261.txt.js,0,1,0
js_263.txt.js,0,1,0
js_264.txt.js,0,1,0
js_265.txt.js,0,1,0
js_266.txt.js,0,1,0
js_267.txt.js,0,1,0
js_268.txt.js,0,1,0
js_270.txt.js,1,1,0
js_273.txt.js,0,1,0
js_274.txt.js,0,1,0
js_280.txt.js,0,1,0
js_285.txt.js,0,1,0
js_290.txt.js,0,1,0
js_291.txt.js,0,1,0
js_294.txt.js,0,1,0
js_295.txt.js,0,1,0
js_296.txt.js,0,1,0
js_297.txt.js,0,1,0
js_298.txt.js,0,1,0
js_299.txt.js,0,1,0
js_300.txt.js,0,1,0
js_306.txt.js,0,1,0
js_308.txt.js,0,1,0
js_310.txt.js,0,1,0
js_311.txt.js,0,1,0
js_312.txt.js,1,1,0
js_313.txt.js,0,1,0
js_314.txt.js,0,1,0
js_316.txt.js,0,1,0
js_323.txt.js,0,1,0
js_328.txt.js,0,1,0
js_331.txt.js,0,1,0
js_337.txt.js,0,1,0
js_341.txt.js,0,1,0
js_343.txt.js,0,1,0
js_345.txt.js,0,1,0
js_348.txt.js,0,1,0
js_349.txt.js,0,1,0
js_350.txt.js,0,1,0
js_353.txt.js,0,1,0
js_354.txt.js,0,1,0
js_355.txt.js,0,1,0
js_359.txt.js,0,1,0
js_361.txt.js,0,1,0
js_364.txt.js,0,1,0
js_375.txt.js,0,1,0
js_382.txt.js,0,1,0
js_383.txt.js,0,1,0
js_384.txt.js,0,1,0
js_390.txt.js,0,1,0
js_394.txt.js,0,1,0
js_395.txt.js,0,1,0
js_396.txt.js,1,1,0
js_398.txt.js,0,1,0
js_401.txt.js,0,1,0
js_406.txt.js,0,1,0
js_407.txt.js,0,1,0
js_409.txt.js,0,1,0
js_410.txt.js,0,1,0
js_418.txt.js,0,1,0
js_425.txt.js,0,1,0
js_430.txt.js,0,1,0
js_431.txt.js,0,1,0
js_432.txt.js,0,1,0
js_435.txt.js,0,1,0
js_437.txt.js,0,1,0
js_440.txt.js,0,1,0
js_442.txt.js,0,1,0
js_443.txt.js,0,1,0
js_447.txt.js,0,1,0
js_448.txt.js,1,1,0
js_449.txt.js,0,1,0
js_450.txt.js,0,1,0
js_451.txt.js,0,1,0
js_456.txt.js,0,1,0
js_460.txt.js,0,1,0
js_466.txt.js,0,1,0
js_469.txt.js,0,1,0
js_470.txt.js,0,1,0
js_471.txt.js,0,1,0
js_472.txt.js,0,1,0
js_474.txt.js,0,1,0
js_475.txt.js,0,1,0
js_476.txt.js,0,1,0
js_477.txt.js,0,1,0
js_481.txt.js,0,1,0
js_482.txt.js,0,1,0
js_483.txt.js,0,1,0
js_486.txt.js,1,1,0
js_490.txt.js,0,1,0
js_492.txt.js,0,1,0
js_497.txt.js,0,1,0
js_498.txt.js,0,1,0
js_499.txt.js,0,1,0
js_509.txt.js,0,1,0
js_510.txt.js,0,1,0
js_512.txt.js,0,1,0
js_513.txt.js,0,1,0
js_523.txt.js,0,1,0
js_526.txt.js,0,1,0
js_531.txt.js,0,1,0
js_536.txt.js,0,1,0
js_540.txt.js,0,1,0
js_541.txt.js,0,1,0
js_543.txt.js,0,1,0
js_546.txt.js,0,1,0
js_547.txt.js,0,1,0
js_548.txt.js,0,1,0
js_549.txt.js,0,1,0
js_551.txt.js,0,1,0
js_552.txt.js,0,1,0
js_555.txt.js,0,1,0
js_558.txt.js,0,1,0
js_559.txt.js,0,1,0
js_562.txt.js,0,1,0
js_563.txt.js,0,1,0
js_569.txt.js,0,1,0
js_574.txt.js,1,1,0
js_575.txt.js,0,1,0
js_578.txt.js,0,1,0
js_580.txt.js,0,1,0
js_584.txt.js,0,1,0
js_587.txt.js,0,1,0
js_590.txt.js,0,1,0
js_591.txt.js,0,1,0
js_593.txt.js,0,1,0
js_596.txt.js,0,1,0
js_597.txt.js,0,1,0
js_598.txt.js,0,1,0
js_599.txt.js,0,1,0
js_608.txt.js,0,1,0
js_609.txt.js,0,1,0
js_610.txt.js,0,1,0
js_613.txt.js,0,1,0
js_615.txt.js,0,1,0
js_620.txt.js,0,1,0
js_621.txt.js,0,1,0
js_624.txt.js,0,1,0
js_625.txt.js,0,1,0
js_637.txt.js,0,1,0
js_638.txt.js,0,1,0
js_639.txt.js,0,1,0
js_640.txt.js,0,1,0
js_644.txt.js,0,1,0
js_652.txt.js,0,1,0
js_654.txt.js,0,1,0
js_655.txt.js,0,1,0
js_657.txt.js,0,1,0
js_662.txt.js,0,1,0
js_666.txt.js,0,1,0
js_667.txt.js,0,1,0
js_669.txt.js,0,1,0
js_675.txt.js,0,1,0
js_677.txt.js,0,1,0
js_679.txt.js,0,1,0
js_682.txt.js,0,1,0
js_683.txt.js,0,1,0
