1,"so.com","https://wenku.so.com/?src=tab_web",OK
2,"mailerlite.com","https://www.mailerlite.com/features/newsletter-editor",OK
4,"walgreens.com","https://www.walgreens.com/request_error.jsp?redirect=/storecdiet-support-accessoriesid=361157-tier3",OK
5,"go.com","https://disneyparks.disney.go.com/?DISCID=DI_mtt_chrome",OK
6,"bestlifeonline.com","https://bestlifeonline.com/celebrities-who-are-the-same-age/",OK
7,"depositphotos.com","https://depositphotos.com/506167232/stock-photo-group-of-happy-young-people.html",OK
8,"dcinside.com","https://gall.dcinside.com/mini/board/lists?id=symphonyofepic",OK
9,"cisco.com","https://www.cisco.com/c/en/us/about/legal/trademarks.html",OK
10,"moneyforward.com","https://moneyforward.com/",Timeout
11,"state.gov","https://www.state.gov/countries-areas/afghanistan/",Crash
12,"discogs.com","https://www.discogs.com/group",OK
13,"academia.edu","https://www.academia.edu/Documents/in/Health_Sciences",OK
14,"buzzfeed.com","https://www.buzzfeed.com/sarahaspler/christmas-movie-marathon-age-quiz?origin=web-hf",OK
15,"nur.kz","https://www.nur.kz/leisure/movies/1882290-filmy-na-hellouin-podborka-kartin/",OK
16,"yumpu.com","https://www.yumpu.com/news/en/magazines/rubrics/fashion-beauty?utm_source=yn&utm_medium=website&utm_campaign=news-en&utm_term=fashion-beauty&utm_content=categories-list",OK
17,"aweber.com","https://www.aweber.com/contact-us.htm",Timeout
18,"taobao.com","https://login.taobao.com/?redirect_url=https%3A%2F%2Flogin.1688.com%2Fmember%2Fjump.htm%3Ftarget%3Dhttps%253A%252F%252Flogin.1688.com%252Fmember%252FmarketSigninJump.htm%253FDone%253Dhttps%25253A%25252F%25252Fwork.1688.com%25252Fhome%25252Fseller.htm%25253F_path_%25253Dseller2017Base%25252Fcomplaintmanangement%25252FmyDenounce&style=tao_custom&from=1688web",Crash
19,"celine.com","https://www.celine.com/en-ro/home",OK
20,"thegatewaypundit.com","https://www.thegatewaypundit.com/gp-favorite-international-blogs/",Crash
21,"sahibinden.com","https://secure.sahibinden.com/giris/?return_url=https%3A%2F%2Fbanaozel.sahibinden.com%2Fekspertiz-raporlarim%3FreportStatus%3DU",OK
22,"researchgate.net","https://www.researchgate.net/marketing-solutions?utm_source=researchgate&utm_medium=community-loggedout&utm_campaign=recruitment-focused-index-footer&utm_content=advertising",OK
23,"getintopc.com","https://getintopc.com/softwares/electrical-engineering/",OK
24,"gmw.cn","https://ad.gmw.cn/html/indexbanner_300_3.htm",OK
25,"oschina.net","https://www.oschina.net/",OK
26,"qualtrics.com","https://www.qualtrics.com/",Crash
27,"bluehost.com","https://www.bluehost.com/blueprint",OK
29,"arzdigital.com","https://stack.arzdigital.com/",OK
30,"saednews.com","https://saednews.com/fa/post/sndlihayei-ke-khali-mand-knkor-srasri-rkorddar-zrfit-khali-azmonha",OK
31,"agoda.com","https://www.agoda.com/",OK
32,"cnbc.com","https://www.cnbc.com/world/",OK
33,"schwab.com","https://www.schwab.com/taxes",Crash
34,"abs-cbn.com","https://www.abs-cbn.com/",OK
35,"dbs.com.sg","https://internet-banking.dbs.com.sg/IB/Welcome",OK
36,"qafqazinfo.az","https://qafqazinfo.az/news/category/sosial-3/",OK
37,"ebay.co.uk","https://www.ebay.co.uk/deals?_trkparms=pageci%3Ad90e282a-3d7e-11ec-a242-b257f398c208%7Cparentrq%3Aeb6ff61f17c0acb45b82ccf4fffc5dc0%7Ciid%3A1",OK
38,"genpi.co","https://www.genpi.co/gaya-hidup/145677/ludes-dalam-5-hari-lip-tint-lokal-reveline-ciptakan-korean-look",OK
39,"xe.com","https://accounts.xe.com/signup?client_id=7v3mjop0iq74d7bdpgvn95r86d&response_type=code&redirect_uri=https%3A%2F%2Ftransfer.xe.com%2Fsignup%2Fpersonal%2Fstep1&state=https%3A%2F%2Ftransfer.xe.com%3A9443%2Fsignup%2Fpersonal%2Fstep1%3FctaPosition%3Dfooter",OK
40,"crypto.com","https://crypto.com/",OK
41,"mediafire.com","https://www.mediafire.com/press/",OK
42,"outbrain.com","https://www.outbrain.com/advertisers/",Crash
43,"nfl.com","https://www.nfl.com/causes/salute/",Crash
44,"6.cn","http://v.6.cn/logins.php",Timeout
45,"gap.com","https://secure-www.gap.com/my-account/order-history",OK
46,"uidai.gov.in","https://www.uidai.gov.in/terms-conditions.html",OK
47,"ahram.org.eg","https://advm.ahram.org.eg/www/delivery/afr.php?zoneid=111",OK
48,"jagran.com","https://www.jagran.com/business-hindi.html?itm_medium=business&itm_source=dsktp&itm_campaign=hamburger",OK
49,"crazyegg.com","https://www.crazyegg.com/blog/",OK
50,"nobitex.ir","https://nobitex.ir/tron/",OK
51,"patreon.com","https://blog.patreon.com/patreon-u",OK
52,"ezgif.com","https://ezgif.com/",OK
53,"grammarly.com","https://www.grammarly.com/trust",OK
54,"dostor.org","https://studio.dostor.org/125571",Crash
55,"mufg.jp","https://www.bk.mufg.jp/index.html",OK
56,"bitly.com","https://bitly.com/pages/contact",OK
57,"xvideos.com","https://www.xvideos.com/?k=%E9%A6%99%E6%B8%AF&top",OK
58,"ettoday.net","https://www.ettoday.net/feature/%E6%95%B8%E5%AD%97%E6%96%B0%E8%81%9E/14666?from=et_pc_index",OK
59,"statista.com","https://www.statista.com/topics/3137/cosmetics-industry/",OK
60,"worldometers.info","https://www.worldometers.info/about/",Crash
61,"sohu.com","https://www.sohu.com/a/499054136_100271920?scm=1005.1001.0.0.0",Timeout
62,"bestbuy.com","https://healthcare.bestbuy.com/?ref=bestbuy-site&loc=footer",OK
63,"speedtest.net","https://www.speedtest.net/id",OK
65,"tirto.id","https://tirto.id/dynahome-solusi-sig-untuk-membangun-rumah-massal-gk2l",OK
66,"pearson.com","https://plc.pearson.com/media/contacts/",OK
67,"codecanyon.net","https://codecanyon.net/sign_up?to=codecanyon",OK
68,"usembassy.gov","https://www.usembassy.gov/mongolia/",Crash
69,"norton.com","https://support.norton.com/sp/en/us/home/current/info",Crash
70,"fc2.com","https://form1ssl.fc2.com/form/?id=305274",OK
71,"bscscan.com","https://www.bscscan.com/",OK
73,"mayoclinic.org","https://www.mayoclinic.org/answers",Timeout
74,"kompas.com","https://properti.kompas.com/tips",OK
75,"netflix.com","https://media.netflix.com/en/",OK
76,"haberler.com","https://www.haberler.com/buyukcekmece-de-ticari-taksi-yakit-tankerine-14506237-haberi/",OK
77,"twitter.com","https://help.twitter.com/en/using-twitter/twitter-supported-browsers",Crash
79,"rediff.com","https://www.rediff.com/",OK
80,"britannica.com","https://www.britannica.com/",Crash
81,"wondershare.com","https://famisafe.wondershare.com/share-live-location.html",OK
82,"nba.com","https://www.nba.com/",OK
84,"gyazo.com","https://gyazo.com/",OK
85,"interia.pl","https://biznes.interia.pl/raporty/raport-swiadomi-w-sieci/aktualnosci/news-malware-i-phising-jak-nie-dac-sie-zlowic-w-sieci",OK
86,"gridoto.com","https://otoseken.gridoto.com/",OK
87,"mynavi.jp","https://www.mynavi.jp/info/",OK
88,"japanpost.jp","https://www.japanpost.jp/procurement/",OK
89,"cnbcindonesia.com","https://www.cnbcindonesia.com/news/20211104181750-4-289108/selain-covid-krisis-listrik-china-kedatangan-bencana-baru",Crash
91,"livescore.com","https://www.livescore.com/en/",OK
92,"onlyfans.com","https://onlyfans.com/",OK
93,"kumparan.com","https://kumparan.com/",Crash
94,"iobit.com","https://www.iobit.com/en/sitemap.php",OK
95,"zoho.com","https://www.zoho.com/index1.html",OK
96,"hubspot.com","https://br.hubspot.com/",Crash
97,"dailymotion.com","https://www.dailymotion.com/us",OK
98,"huaban.com","https://muse.huaban.com/?utm_source=huaban&utm_medium=logout&utm_campaign=resident",Timeout
100,"daraz.pk","https://www.daraz.pk/home-appliances/",OK
101,"orange.fr","https://boutique.orange.fr/internet-mobile/pack-open-fibre",OK
102,"viva.co.id","https://www.viva.co.id/sport/gelanggang",Crash
103,"cdc.gov","https://search.cdc.gov/search/index.html?#advanced",OK
106,"wp.pl","https://www.wp.pl/",Timeout
107,"namasha.com","https://www.namasha.com/v/GgmxrfzS",Crash
108,"avito.ru","https://www.avito.ru/favorites",OK
109,"ebay.com","https://bo.ebay.com/",OK
110,"house365.com","http://lz.house365.com/",Timeout
111,"hao123.com","https://www.hao123.com/",Timeout
112,"aruba.it","https://assistenza.aruba.it/informazioni-commerciali.aspx",Crash
113,"daum.net","https://news.v.daum.net/v/20211104200510925",OK
114,"bolasport.com","https://juara.bolasport.com/read/322976710/mau-bangunkan-kelas-ringan-ufc-islam-makhachev-justin-gaethje-dan-michael-chandler-terlalu-tua",OK
115,"highspot.com","https://www.highspot.com/partners/technology/",OK
116,"elsevier.com","https://www.elsevier.com/social-sciences-and-humanities",OK
117,"shopify.com","https://www.shopify.com/sell-on-tiktok",OK
119,"rctiplus.com","https://www.rctiplus.com/exclusive",OK
120,"salesforce.com","https://www.salesforce.com/jp/",OK
121,"homedepot.com","https://www.homedepot.com/l/storeDirectory",Crash
122,"lazada.com.my","https://www.lazada.com.my/",OK
123,"tripadvisor.com","https://www.tripadvisor.com/Tourism-g150807-Cancun_Yucatan_Peninsula-Vacations.html",OK
124,"xhamster.com","https://xhamster.com/",OK
125,"binance.us","https://www.binance.us/en/about",OK
126,"huanqiu.com","https://finance.huanqiu.com/gallery/45RdyJErY1C",OK
127,"exoclick.com","https://www.exoclick.com/",OK
128,"grid.id","https://www.grid.id/",Crash
129,"sendgrid.com","https://sendgrid.com/contact/",Timeout
130,"loupan.com","https://yx.loupan.com/",OK
131,"ups.com","https://www.ups.com/gt/en/Home.page",Crash
132,"southcn.com","https://country.southcn.com/xczx/c7f3401f41.shtml",OK
133,"mathrubhumi.com","https://www.mathrubhumi.com/",Timeout
134,"tandfonline.com","https://www.tandfonline.com/cookies",OK
135,"ebrun.com","https://www.ebrun.com/fws/h-8385.html",OK
136,"axieinfinity.com","https://axieinfinity.com/battle/",OK
137,"rednet.cn","https://stock.rednet.cn/",OK
138,"girls-like.me","https://girls-like.me/rumor-about-covid-19/",OK
139,"visitbeijing.com.cn","https://www.visitbeijing.com.cn/error/404",OK
140,"wordpress.com","https://wordpress.com/discover-wordpress/",OK
141,"zdf.de","https://www.zdf.de/regeln-und-nutzungsbedingungen-100.html",OK
142,"rakuten.com","https://www.rakuten.com/",OK
144,"upstox.com","https://upstox.com/learning-center/demat-account/documents-required-for-a-demat-account/",Crash
145,"auction.co.kr","http://member.auction.co.kr/SecurityCenter/Sub.aspx?code=B0104",OK
146,"booking.com","https://www.booking.com/index.bg.html",OK
148,"hatena.ne.jp","https://www.hatena.ne.jp/",OK
149,"huawei.com","https://consumer.huawei.com/en/support/product-environmental-information/",OK
151,"rapidgator.net","https://rapidgator.net/auth/login",OK
152,"axisbank.com","https://www.axisbank.com/terms-and-conditions",OK
153,"wish.com","https://www.wish.com/policy-center",Crash
155,"meesho.com","https://meesho.com/led-lightspl8oe17",OK
156,"jio.com","https://www.jio.com/",OK
157,"ladbible.com","https://www.ladbible.com/",Crash
158,"onesignal.com","https://onesignal.com/",OK
159,"alipay.com","https://z.alipay.com/",OK
160,"apollo.io","https://www.apollo.io/pricing/",OK
162,"amazon.com.au","https://flex.amazon.com.au/?refTag=footer_flex",OK
163,"convertkit.com","https://convertkit.com/features/email-designer",OK
164,"modesens.com","https://modesens.com/valentino/",Crash
167,"verizon.com","https://www.verizon.com/plans/unlimited/",OK
168,"ojooo.com","https://ojooo.com/?o=datenschutz3",OK
169,"in.gr","https://www.in.gr/2021/11/04/greece/peiraias-nea-48ori-apergia-sto-limani-ti-zitoun-oi-ergazomenoi/",Crash
170,"shomanews.com","https://www.shomanews.com/",Timeout
171,"livedoor.com","https://blog.livedoor.com/ranking/",OK
172,"weblio.jp","https://www.weblio.jp/ranking/",OK
174,"kemdikbud.go.id","https://museum.kemdikbud.go.id/",OK
175,"odoo.com","https://www.odoo.com/ja_JP",OK
176,"timeanddate.com","https://www.timeanddate.com/eclipse/",OK
177,"milliyet.com.tr","https://www.milliyet.com.tr/cadde/simge-selcuka-uma-thurman-benzetmesi-6634711",Crash
178,"tejaratnews.com","https://tejaratnews.com/video/%d9%be%db%8c%d8%b4-%d8%a8%db%8c%d9%86%db%8c-%d8%a8%d8%a7%d8%b2%d8%a7%d8%b1%d9%87%d8%a7-%d8%aa%d8%a7-%d9%be%d8%a7%db%8c%d8%a7%d9%86-1400",OK
179,"mercari.com","https://www.mercari.com/us/help_center",Crash
180,"dailymail.co.uk","https://www.dailymail.co.uk/home/index.html",Timeout
181,"rottentomatoes.com","https://www.rottentomatoes.com/",Crash
182,"springer.com","https://www.springer.com/gp",OK
183,"cjdropshipping.com","https://sg.cjdropshipping.com/?page=1&size=24",OK
185,"latimes.com","https://www.latimes.com/world-nation",OK
186,"zalo.me","https://oa.zalo.me/home",OK
187,"dawn.com","https://www.dawn.com/news/1655811/inbound-air-traffic-being-allowed-at-full-capacity",OK
188,"uptodown.com","https://google-classroom.uptodown.com/android",OK
189,"etherscan.io","https://etherscan.io/txspending",OK
190,"iliangcang.com","https://www.iliangcang.com/",OK
191,"xbox.com","https://www.xbox.com/en-US/xbox-all-access?xr=shellnav",Crash
192,"xero.com","https://central.xero.com/s/article/Xero-Releases",OK
193,"pikiran-rakyat.com","https://www.pikiran-rakyat.com/internasional",OK
194,"xnxx.com","https://www.xnxx.com/",OK
195,"bet9ja.com","https://help.bet9ja.com/live-betting-tcs/",OK
196,"hotmart.com","https://www.hotmart.com/umporcento/",OK
197,"104.com.tw","https://pro.104.com.tw/vip/?utm_source=104c&utm_medium=button&utm_campaign=2018prelogin",OK
198,"jotform.com","https://www.jotform.com/integrations/zoom",OK
199,"manoramaonline.com","https://www.manoramaonline.com/news/exclusive.html",OK
200,"star-clicks.com","https://www.star-clicks.com/advertisers",OK
201,"rtl-theme.com","https://www.rtl-theme.com/lagharshoo-psd-template/",OK
202,"online-convert.com","https://www.online-convert.com/",OK
203,"nicovideo.jp","https://live.nicovideo.jp/watch/lv334278713?ref=nicotop_stage",OK
205,"themeforest.net","https://preview.themeforest.net/item/demed-medical-clinic-elementor-template-kit/full_screen_preview/34515575",OK
206,"processon.com","https://www.processon.com/signup?f=index",OK
207,"eenadu.net","https://www.eenadu.net/techkaburlu",Crash
208,"ok.ru","https://ok.ru/",OK
210,"divar.ir","https://support.divar.ir/b/support-users/fa",OK
212,"ria.ru","https://ria.ru/culture/",Crash
213,"hbomax.com","https://www.hbomax.com/terms-of-use",OK
214,"eatthis.com","https://www.eatthis.com/author/amy-shapiro/",OK
215,"ikea.com","https://www.ikea.com/ae/en/?ref=gwp-start",OK
217,"biblegateway.com","https://www.biblegateway.com/plus/?utm_source=bg&utm_medium=bghome&utm_campaign=loginbutton",OK
218,"hindustantimes.com","https://www.hindustantimes.com/search",OK
221,"shopee.co.th","https://shopee.co.th/",OK
222,"amazon.it","https://sell.amazon.it/programmi/handmade?ref_=asit_soa_rd&ref=azitsoafoo53331&ld=AZITHNDFooter",OK
224,"india.com","https://www.india.com/viral/pm-narendra-modi-diwali-2021-celebrations-jammu-and-kashmir-nowshera-soldiers-jawans-sweets-video-watch-5083521/",OK
225,"gome.com.cn","https://www.gome.com.cn/",OK
226,"sberbank.ru","https://www.sberbank.ru/ru/person/investments/smart",OK
227,"rakuten.co.jp","https://event.rakuten.co.jp/young/",Crash
230,"ameblo.jp","https://ameblo.jp/wanwan2021-04/entry-12707889303.html?adxarea=ameblo-atp-br-pctpcs",OK
231,"indianexpress.com","https://indianexpress.com/audio/expresso-sports-update/sports-news-at-630-pm-on-4th-november/7607184/",OK
232,"coconala.com","https://coconala.com/curations/2?ref=top_nologin",OK
233,"tmz.com","https://www.tmz.com/categories/controversial-s-t/",OK
234,"redeao.com","https://redeao.com/tecnologia-wifi/#respond",OK
235,"freee.co.jp","https://www.freee.co.jp/trade/",Crash
236,"tradingview.com","https://www.tradingview.com/education/",OK
237,"nike.com","https://www.nike.com/w/nfl-9bklc",Crash
239,"shopstyle.com","https://www.shopstyle.com/",OK
240,"nhl.com","https://secure.web.nhl.com/#/login?flowId=subscription&locale=en_US",OK
241,"xbytessolutions.com","https://xbytessolutions.com/product/my-imovel/",Crash
242,"udemy.com","https://www.udemy.com/",OK
243,"flickr.com","https://www.flickr.com/about",OK
245,"fool.com","https://www.fool.com/the-ascent/buying-stocks/",OK
246,"ebc.net.tw","https://www.ebc.net.tw/",Crash
247,"ftx.com","https://ftx.com/",OK
248,"ebay.com.au","https://www.ebay.com.au/",OK
250,"spotify.com","https://www.spotify.com/hk-en/legal/end-user-agreement/",OK
251,"hh.ru","https://hh.ru/employer",OK
252,"cnnindonesia.com","https://www.cnnindonesia.com/",Crash
253,"trendyol.com","https://www.trendyol.com/",OK
254,"cloudflare.com","https://workers.cloudflare.com/",OK
255,"suara.com","https://theindonesia.suara.com/widget",OK
256,"kickstarter.com","https://www.kickstarter.com/",Timeout
257,"mailchimp.com","https://mailchimp.com/",OK
258,"3isk.video","https://s.3isk.video/watch/episodes/serie-krulus-othman-season-1-ep-69/",OK
259,"renren.com","https://www.renren.com/login?to=https%3A%2F%2Fwww.renren.com%2Ftopic1729575",OK
260,"detik.com","https://www.detik.com/redaksi",Crash
261,"aliexpress.ru","https://aliexpress.ru/category/202000224/luggage-bags.html",OK
262,"caixa.gov.br","http://fale-conosco.caixa.gov.br/wps/portal/faleconosco",Timeout
263,"ivi.ru","https://corp.ivi.ru/",Crash
265,"prothomalo.com","https://northamerica.prothomalo.com/",Crash
269,"mydrivers.com","https://news.mydrivers.com/1/793/793751.htm",Crash
270,"paypal.com","https://www.paypal.com/us/home",OK
271,"irs.gov","https://www.irs.gov/credits-and-deductions",OK
272,"runoob.com","https://www.runoob.com/html/html-tutorial.html",OK
274,"zoom.us","https://www.zoom.us/",Crash
275,"snappea.com","https://www.snappea.com/hi4/",OK
276,"kapanlagi.com","https://www.kapanlagi.com/",OK
279,"gsmarena.com","https://www.gsmarena.com/",OK
280,"americanexpress.com","https://www.americanexpress.com/hk/en/legal-disclosures/personal-information-collection-statement.html?inav=hk_footer_personinfo",OK
281,"khanacademy.org","https://www.khanacademy.org/math",Crash
283,"shopee.tw","https://shopee.tw/",OK
284,"globo.com","https://www.globo.com/",Timeout
285,"it168.com","https://shike.it168.com/article-21436.html",Timeout
288,"engadget.com","https://www.engadget.com/notfound",Crash
289,"appsumo.com","https://appsumo.com/terms-of-use/",OK
290,"trustpilot.com","https://investors.trustpilot.com/",OK
292,"semrush.com","https://www.semrush.com/company/",OK
294,"360.cn","http://jifen.360.cn/",OK
295,"donga.com","https://www.donga.com/news/Society/article/all/20211104/110080833/2?ref=main",Crash
296,"autodesk.com","https://www.autodesk.com/",Timeout
297,"redtube.com","https://www.redtube.com/gay",Crash
300,"3dmgame.com","https://www.3dmgame.com/",OK
301,"draken.tech","https://staking.draken.tech/",Timeout
303,"wordpress.org","https://learn.wordpress.org/",OK
304,"news18.com","https://www.news18.com/business/",OK
305,"realestate.com.au","https://www.realestate.com.au/buy",OK
306,"jocial.com","https://www.jocial.com/about.html",OK
308,"moneycontrol.com","https://www.moneycontrol.com/promo/mc_interstitial_dfp.php?size=1280x540",OK
309,"nytimes.com","https://www.nytimes.com/ca/?action=click&region=Footer&pgtype=Homepage",Crash
310,"setn.com","https://www.setn.com/Catalog_Column.aspx?SubCateID=35",OK
311,"marca.com","https://www.marca.com/motor/formula1/gp-gran-bretana.html?intcmp=MENUPROD&s_kw=formula-1-gp-gran-bretana",Crash
312,"digistore24.com","https://status.digistore24.com/?_fs=830c12de-5d54-4f97-ba88-d984b736dcdb",OK
313,"zcool.com.cn","https://www.zcool.com.cn/work/ZNTYxNjU5NDQ=.html",OK
314,"manychat.com","https://manychat.com/blog/how-to-start-a-successful-business/",Crash
315,"julian-fashion.com","https://www.julian-fashion.com/it-IT/uomo/scarpe/sneaker",OK
317,"dmm.com","https://help.dmm.com/-/detail/=/qid=10101/",OK
318,"webex.com","https://www.webex.com/",OK
319,"paytm.com","https://business.paytm.com/business-khata",OK
320,"douyu.com","https://www.douyu.com/",OK
321,"tistory.com","https://notice.tistory.com/2400",OK
322,"steamcommunity.com","https://steamcommunity.com/discussions/",OK
324,"poki.com","https://poki.com/en/new",OK
326,"weebly.com","https://www.weebly.com/press",OK
327,"babytree.com","http://home.babytree.com/u72037115158/journal/show/14099462",OK
328,"canada.ca","https://www.canada.ca/home.html",OK
329,"patch.com","https://patch.com/contact-us",OK
330,"tabelog.com","https://tabelog.com/hokkaido/A0101/",Crash
331,"creditkarma.com","https://www.creditkarma.com/checking",OK
332,"okta.com","https://www.okta.com/customer-first/",Timeout
333,"indiatimes.com","https://www.indiatimes.com/binge-watch",OK
334,"heavy.com","https://heavy.com/about/",OK
335,"pixiv.net","https://www.pixiv.net/en/",OK
336,"khabarvarzeshi.com","https://www.khabarvarzeshi.com/tag/%D8%B9%D8%A7%D8%AF%D9%84+%D9%81%D8%B1%D8%AF%D9%88%D8%B3%DB%8C%E2%80%8C%D9%BE%D9%88%D8%B1",OK
337,"bongacams.com","https://bongacams.com/",Crash
338,"futbin.com","https://www.futbin.com/",Crash
339,"juntadeandalucia.es","https://www.juntadeandalucia.es/organismos/presidenciaadministracionpublicaeinterior.html",OK
340,"typeform.com","https://www.typeform.com/templates/",Crash
341,"iweihai.cn","http://club.iweihai.cn/read-htm-tid-18760257.html",OK
342,"amazon.com","https://aws.amazon.com/?nc2=h_m_bc",OK
345,"cars.com","https://www.cars.com/signup/?redirect_path=%2F",Timeout
346,"fedex.com","https://www.fedex.com/en-rw/home.html",OK
347,"npr.org","https://www.npr.org/sections/pictureshow/",OK
348,"iherb.com","https://www.iherb.com/",OK
350,"finviz.com","https://finviz.com/advertise.ashx",OK
351,"bancobai.ao","https://www.bancobai.ao/pt/particulares",Timeout
352,"freshdesk.com","https://freshdesk.com/resources",OK
353,"localbitcoins.com","https://localbitcoins.com/faq",OK
355,"onlinedown.net","https://www.onlinedown.net/soft/10032217.htm",Timeout
356,"albawabhnews.com","https://www.albawabhnews.com/",OK
357,"addthis.com","https://www.addthis.com/register?next=dashboard#tool-configtool-selectrecommended",OK
358,"uol.com.br","https://brasilescola.uol.com.br/",OK
359,"nextdirect.com","https://www.nextdirect.com/nz/en",Crash
360,"fendi.com","https://www.fendi.com/hk/%E5%A5%B3%E8%A3%9D/%E7%84%A6%E9%BB%9E/peekaboo-bar",Timeout
361,"emojipedia.org","https://emojipedia.org/emoji-13.1/",OK
362,"imdb.com","https://www.imdb.com/",Crash
363,"squarespace.com","https://www.squarespace.com/imprint",Timeout
365,"alibaba.com","https://app.alibaba.com/?tracelog=header_cor_app",OK
367,"icicibank.com","https://infinity.icicibank.com/corp/AuthenticationController?FORMSGROUP_ID__=AuthenticationFG&__START_TRAN_FLAG__=Y&FG_BUTTONS__=LOAD&ACTION.LOAD=Y&AuthenticationFG.LOGIN_FLAG=1&BANK_ID=ICI&CTA_FLAG=BPRET&ITM=nli_cms_BP_pay_your_bill_menu_navigation",OK
368,"commonapp.org","https://www.commonapp.org/application-affirmations",OK
369,"arcgis.com","https://trust.arcgis.com/en/privacy/privacy-tab-intro.htm",OK
372,"lifo.gr","https://www.lifo.gr/podcasts/hxhtika-arthra/alloi-lene-hiking-ego-leo-perpatima-sti-fysi",OK
373,"lazada.sg","https://pages.lazada.sg/wow/gcp/route/lazada/sg/upr_1000345_lazada/channel/sg/upr-router/sg?hybrid=1&data_prefetch=true&at_iframe=1&wh_pid=/lazada/megascenario/sg/D11/11-11fs&scm=1003.4.icms-zebra-5000357-2587035.OTHER_6048549601_7505267&prefetch_replace=1",Timeout
375,"worksmobile.com","https://line.worksmobile.com/jp/en/solutions/it/",OK
377,"audible.com","https://www.audible.com/coming-soon",OK
378,"sbisec.co.jp","https://www.sbisec.co.jp/ETGate?_ControlID=WPLETmgR001Control&_PageID=WPLETmgR001Mdtl20&_DataStoreID=DSWPLETmgR001Control&_ActionID=DefaultAID&burl=iris_indexDetail&cat1=market&cat2=index&dir=tl1-idxdtl%7Ctl2-JPY%3DX%7Ctl5-jpn&file=index.html&getFlg=on",Crash
379,"goo.ne.jp","https://got.goo.ne.jp/denkyu/",OK
382,"warriorplus.com","https://warriorplus.com/",OK
383,"godaddy.com","https://hk.godaddy.com/email/professional-business-email",OK
384,"w3school.com.cn","https://www.w3school.com.cn/",OK
386,"xinhuanet.com","http://www.xinhuanet.com/politics/2021-05/31/c_1127514369.htm",OK
387,"oracle.com","https://www.oracle.com/index.html",Crash
389,"free.fr","https://www.free.fr/freebox/",Timeout
390,"oeeee.com","https://www.oeeee.com/api/channel.php?s=/index/index/channel/purchase",OK
392,"people.com","https://people.com/sports/scottie-pippen-blasts-michael-jordan-calls-him-condescending-for-the-last-dance-documentary/",OK
393,"webmd.com","https://www.webmd.com/dna/the-turning-point/cad-pad",OK
394,"jawapos.com","https://www.jawapos.com/hoax-atau-bukan/03/11/2021/munculkan-video-jokowi-pada-2020-tapi-diembel-embeli-di-ktt-g20/",Crash
395,"convertio.co","https://convertio.co/pricing/?utm_source=header",OK
397,"amazon.es","https://sell.amazon.es/logistica-de-amazon?ref_=ases_soa_rd&ld=AZESFBAFooter",OK
399,"howtogeek.com","https://www.howtogeek.com/766277/start11-brings-windows-11s-start-menu-to-windows-10/",OK
400,"breitbart.com","https://www.breitbart.com/latin-america/",OK
408,"cj.com","https://www.cj.com/case-studies",OK
409,"libero.it","https://www.libero.it/annunci/lavoro/roma",OK
411,"opensooq.com","https://ly.opensooq.com/ar",OK
413,"usatoday.com","https://cm.usatoday.com/privacy",OK
415,"jb51.net","https://www.jb51.net/html5/",OK
416,"indiatoday.in","https://www.indiatoday.in/science/story/climate-change-cop26-financial-sector-funds-rishi-sunak-glasgow-1872914-2021-11-03",Crash
418,"glassdoor.com","https://www.glassdoor.com/index.htm",OK
422,"shareasale.com","https://www.shareasale.com/info/shareasale-newsletter-sign-up/",OK
423,"t-online.de","https://www.t-online.de/nachrichten/wissen/geschichte/id_82753958/si_0/historisches-bild-taeglich-bei-t-online-de.html",OK
426,"envato.com","https://www.envato.com/",OK
427,"behance.net","https://www.behance.net/gallery/90391503/The-Drowned-World?tracking_source=search_projects_recommended",OK
428,"khtahmar.com","https://www.khtahmar.com/213092",Crash
429,"vnexpress.net","https://vnexpress.net/",Crash
430,"tribunnews.com","https://travel.tribunnews.com/",OK
431,"dream.co.id","https://www.dream.co.id/",OK
432,"merriam-webster.com","https://www.merriam-webster.com/",OK
434,"sofascore.com","https://www.sofascore.com/tr/",OK
435,"istockphoto.com","https://marketing.istockphoto.com/",OK
436,"ensonhaber.com","https://www.ensonhaber.com/emlak",OK
438,"plurk.com","https://www.plurk.com/help/en/plurk",OK
439,"bukalapak.com","https://www.bukalapak.com/pencarian-populer/kesehatan-2359",OK
440,"ameba.jp","https://dauth.user.ameba.jp/authenticate?client_id=98e5b04d87dd022cf6979eec98d6b20b63e5851ac19c5140076b448d61d97426&redirect_uri=https%3A%2F%2Fdauth.user.ameba.jp%2Fauthorize%3Fresponse_type%3Dcode%26client_id%3D98e5b04d87dd022cf6979eec98d6b20b63e5851ac19c5140076b448d61d97426%26scope%3Dconnection%252Ccoin%252Cprofile%252Capplication%26state%3Dhttp%253A%252F%252Fvcard.ameba.jp%252Fpc%252F%253F",OK
441,"elwatannews.com","https://ay5edma.elwatannews.com/Places/Index?form=featureSearch&locationID=&CatID=433&keyword=&locationFilter=&AllCategories=433",OK
442,"naver.com","https://blog.naver.com/PostView.naver?blogId=prettyh90&logNo=222496158501&redirect=Dlog&widgetTypeCall=true&directAccess=false",OK
443,"linktr.ee","https://linktr.ee/help/linktree-ff524ba1864c/en",OK
446,"chaturbate.com","https://chaturbate.com/30-tokens-per-minute-private-cams/",OK
448,"hp.com","https://www.hp.com/be-fr/home.html",OK
450,"bbc.co.uk","https://www.bbc.co.uk/programmes/p0b1vky7",OK
451,"slickdeals.net","https://slickdeals.net/chewy/",OK
455,"healthline.com","https://www.healthline.com/",Timeout
456,"coinmarketcap.com","https://coinmarketcap.com/legal-tender-countries/",OK
457,"kontan.co.id","https://lifestyle.kontan.co.id/news/shang-chi-dan-hawkeye-segera-tayang-di-disney-tontonan-marvel-terbaru-di-november",OK
458,"adp.com","https://www.adp.com/logins.aspx",Timeout
461,"majestic.com","https://majestic.com/reports/search-explorer",OK
462,"zol.com.cn","https://bbs.zol.com.cn/sjbbs/d1673.html",OK
463,"redbubble.com","https://www.redbubble.com/",OK
467,"ltn.com.tw","https://news.ltn.com.tw/video/ly/2",OK
468,"evernote.com","https://www.evernote.com/Login.action",OK
469,"zillow.com","https://www.zillow.com/",OK
471,"indiamart.com","https://www.indiamart.com/airtelservices/",OK
473,"sina.com.cn","http://blog.sina.com.cn/s/blog_17835bd8f0102zfk4.html?tj=1",OK
476,"rumble.com","https://rumble.com/vom9h1-robot-nurses-does-this-scare-the-hell-out-of-you.html",Timeout
477,"eksisozluk.com","https://eksisozluk.com/",OK
481,"lazada.co.th","https://www.lazada.co.th/shop/satin1629968396?tab=promotion&path=promotion-30838-0.htm&scm=1003.4.icms-zebra-5000633-6738075.OTHER_6044967672_7408826",OK
482,"deviantart.com","https://www.deviantart.com/_adslot/?realEstateId=150a7c06-b63c-40d0-9d26-7ce399ee49e9&biClientId=4be4c340-e42e-de49-8198-47f0b8c0d6a1&biClientIdSigned=eyJ0eXAiOiJKV1QiLCJhbGciOiJIUzI1NiJ9.eyJiaUNsaWVudElkIjoiNGJlNGMzNDAtZTQyZS1kZTQ5LTgxOTgtNDdmMGI4YzBkNmExIiwidHMiOjE2Mzg4ODg4MzZ9.bLZVd5wpUMNvXfw3Va2APN6cWC8TwnMZuKUhPZXHOEI&newApi=2",OK
489,"techcrunch.com","https://techcrunch.com/author/carly-page/",Timeout
491,"olx.ua","https://www.olx.ua/rabota/proizvodstvo-energetika/",OK
493,"vidio.com","https://quiz.vidio.com/main#",OK
495,"groww.in","https://groww.in/p/",OK
497,"poshmark.com","https://poshmark.com/",OK
501,"alodokter.com","https://www.alodokter.com/",OK
502,"tass.ru","https://tass.ru/",OK
509,"asmag.com.cn","https://space.asmag.com.cn/space/4180.html",OK
511,"cfsbcn.com","http://www.cfsbcn.com/member/register.php",OK
514,"etsy.com","https://www.etsy.com/gift-guides?ref=hpsh",OK
515,"femme4.com","https://femme4.com/page/2/",Crash
519,"merdeka.com","https://www.merdeka.com/garuda-indonesia/",OK
521,"rbcroyalbank.com","http://www.rbcroyalbank.com/",OK
522,"teachable.com","https://sso.teachable.com/secure/teachable_accounts/sign_in",OK
523,"blackboard.com","https://www.blackboard.com/",OK
525,"znds.com","https://www.znds.com/tv-1171611-1-1.html",OK
528,"aliyun.com","https://workorder-intl.console.aliyun.com/console.htm#/ticket/createIndex",OK
529,"op.gg","https://www.op.gg/",Crash
532,"hotjar.com","https://insights.hotjar.com/login",Timeout
533,"forbes.com","https://www.forbes.com/billionaires/",Timeout
534,"shiprocket.in","https://www.shiprocket.in/blog/",Crash
536,"nbcnews.com","https://www.nbcnews.com/select/shopping/new-notable-toms-stitch-fix-gravity-ncna1281511",Timeout
537,"ncrangola.com","https://www.ncrangola.com/loja/particulares/pt/encomenda",OK
538,"hootsuite.com","https://www.hootsuite.com/",OK
539,"basketball24.com","https://d.basketball24.com/x/feed/proxy-local",OK
544,"idntimes.com","https://www.idntimes.com/",Crash
546,"ahrefs.com","https://ahrefs.com/broken-link-checker",OK
550,"roozaneh.net","https://roozaneh.net/category/fashion-world/other/",OK
551,"mydramalist.com","https://mydramalist.com/36311-doctor-brain",Crash
554,"tdameritrade.com","https://www.tdameritrade.com/account-types/specialty.html",OK
555,"as.com","https://as.com/futbol/2021/11/04/uefa/1636006092_038458.html",Timeout
557,"nownews.com","https://vote.nownews.com/voteResult/476da253b68424feca3183ff3d402ebfe0187166",OK
559,"asahi.com","https://www.asahi.com/rensai/politics/?iref=pc_gnavi",OK
562,"tesla.com","https://www.tesla.com/solarroof",OK
563,"rbc.ru","https://www.rbc.ru/privacy/",Crash
565,"pngtree.com","https://pngtree.com/free-crown-png",OK
566,"vistaprint.com","https://www.vistaprint.com/stationery/return-address-labels?GP=12%2f08%2f2021+03%3a58%3a34&GPS=6125765523&GNF=0",OK
567,"iqbroker.com","https://iqbroker.com/lpregulationterms-nonreg",Crash
568,"vimeo.com","https://player.vimeo.com/video/402425215?background=1",OK
569,"thethao247.vn","https://thethao247.vn/391-man-utd-quan-tam-con-loc-hang-cong-ajax-d243549.html",Crash
575,"kooora.com","https://www.kooora.com/",OK
578,"gazeta.ru","https://www.gazeta.ru/culture/",OK
579,"tinkoff.ru","https://www.tinkoff.ru/",OK
580,"neshanonline.com","https://www.neshanonline.com/",OK
581,"github.com","https://github.com/",OK
583,"uchi.ru","https://lp.uchi.ru/prices",OK
584,"ask.com","https://www.ask.com/",OK
586,"gtmetrix.com","https://gtmetrix.com/pricing.html",OK
587,"stackexchange.com","https://ell.stackexchange.com/questions/tagged/meaning-in-context",OK
589,"eqxiu.com","https://www.eqxiu.com/zuotu.html",OK
593,"mehrnews.com","https://www.mehrnews.com/rss-help",OK
595,"hurriyet.com.tr","https://www.hurriyet.com.tr/haberleri/merck",OK
596,"vecteezy.com","https://www.vecteezy.com/dmca",OK
598,"jornaldeangola.ao","https://www.jornaldeangola.ao/ao/noticias/index.php?tipo=1&idSec=13",OK
599,"marriott.com","https://element-hotels.marriott.com/",OK
608,"theverge.com","https://www.theverge.com/reviews",Crash
613,"dingtalk.com","https://page.dingtalk.com/wow/tianyuan/act/toufang?spm=a213l2.13951850.list.22.59ad537aJlffPs&wh_showError=true&caseId=MzE4Mw==&aa=1",OK
614,"kakaku.com","https://kakaku.com/cosmetic/",Crash
620,"eventbrite.com","https://www.eventbrite.com/l/coronavirus-resources-event-organizers/",OK
621,"shein.com","https://us.shein.com/copyright-noticeam-a-379.html?ref=www&rep=dir&ret=us",Timeout
623,"medicalnewstoday.com","https://www.medicalnewstoday.com/program/taking-a-deeper-look-at-mbc",OK
624,"aparat.com","https://www.aparat.com/",OK
628,"ecosia.org","https://www.ecosia.org/settings",OK
634,"baidu.com","https://www.baidu.com/",OK
636,"a8.net","https://support.a8.net/a8/as/faq/",OK
642,"itmedia.co.jp","https://www.itmedia.co.jp/enterprise/articles/2111/04/news096.html",Crash
643,"asus.com","https://www.asus.com/hk/Motherboards-Components/Data-Storage/All-series/",Crash
644,"gusuwang.com","http://www.gusuwang.com/forum-70-1.html",OK
647,"aajtak.in","https://www.aajtak.in/",Crash
648,"kundelik.kz","https://portal.kundelik.kz/video-lessons",OK
649,"t-mobile.com","https://www.t-mobile.com/privacy-center",Crash
653,"dell.com","https://www.dell.com/support/order-status/en-us/order-support",Crash
655,"cnn.com","https://www.cnn.com/interactive/asequals/",OK
656,"livemint.com","https://www.livemint.com/",OK
657,"mheducation.com","https://www.mheducation.com/purchase-order.html",OK
661,"washingtonpost.com","https://www.washingtonpost.com/politics/interactive/2021/what-happened-trump-jan-6-insurrection/",Timeout
663,"eastmoney.com","https://finance.eastmoney.com/a/202111042169268619.html",Crash
664,"sarkariresult.com","https://www.sarkariresult.com/",Crash
668,"donya-e-eqtesad.com","https://donya-e-eqtesad.com/%D8%A8%D8%AE%D8%B4-%D8%B6%D9%85%DB%8C%D9%85%D9%87-%D8%AC%D8%AF%DB%8C%D8%AF-94",OK
670,"hatenablog.com","https://hatenablog.com/",OK
673,"www.gov.cn","http://www.gov.cn/2016public/top.htm",OK
674,"tudou.com","https://play.tudou.com/v_show/id_XNTE5MjAzODMzNg==.html?scm=20140719.manual.25359.video_XNTE5MjAzODMzNg%3D%3D",OK
675,"pixlr.com","https://pixlr.com/",OK
678,"dianping.com","https://www.dianping.com/shenzhen/ch90/g32704",Timeout
684,"chron.com","https://www.chron.com/shopping/category/home-garden-decor/",OK
685,"onelogin.com","https://www.onelogin.com/",OK
686,"digikala.com","https://www.digikala.com/searchcategory-bicycles-accessories/",OK
688,"uscis.gov","https://www.uscis.gov/citizenship",OK
689,"thepaper.cn","https://www.thepaper.cn/work_us.jsp",OK
690,"domaintools.com","https://www.domaintools.com/solutions/forensics-incident-response",OK
694,"parsfootball.com","https://parsfootball.com/fa/news/1269051/",Crash
698,"laodong.vn","https://laodong.vn/ban-doc/",OK
699,"metropoles.com","https://www.metropoles.com/colunas/partiu/partiu-com-isabela-john-pelo-beto-carrero-a-disney-brasileira",Crash
703,"reuters.com","https://www.reuters.com/info-pages/disclaimer/",Crash
705,"ssa.gov","https://www.ssa.gov/",OK
708,"consultant.ru","https://www.consultant.ru/",OK
709,"usaa.com","https://www.usaa.com/inetwcabout_usaa_main?wa_ref=pub_subglobal_footer_about_usaa_page&akredirect=true",OK
710,"dw.com","https://www.dw.com/en/legal-notice/a-15718492",Timeout
711,"thepiratebay.org","https://thepiratebay.org/search.php?q=top100:recent",Crash
712,"constantcontact.com","https://go.constantcontact.com/forward/careers",OK
718,"52pk.com","https://www.52pk.com/",OK
719,"thesaurus.com","https://www.thesaurus.com/",OK
723,"foxnews.com","https://www.foxnews.com/",OK
724,"businessinsider.com","https://www.businessinsider.com/",Timeout
725,"kuronekoyamato.co.jp","https://www.kuronekoyamato.co.jp/",OK
729,"yelp.com","https://www.yelp.com/search?cflt=religiousorgs&find_loc=San+Francisco%2C+CA%2C+US",OK
731,"cint.com","https://www.cint.com/offices/",OK
733,"filimo.com","https://www.filimo.com/tag/daryoushmehrjouei",OK
734,"newegg.com","https://www.newegg.com/",OK
744,"51sole.com","https://gpyg.51sole.com/product/list_9_2026_44186/",OK
745,"pornhub.com","https://www.pornhub.com/",Crash
746,"medium.com","https://blog.medium.com/?source=home-------------------------------------",OK
748,"tmall.com","https://www.tmall.com/",OK
749,"rfi.fr","https://www.rfi.fr/en/",OK
756,"farfetch.com","https://www.farfetch.com/hk",Crash
759,"yahoo.co.jp","https://login.yahoo.co.jp/config/login?.src=ym&.done=https%3A%2F%2Fmail.yahoo.co.jp%2F",OK
770,"auth0.com","https://auth0.com/access-management",OK
772,"eluniverso.com","https://www.eluniverso.com/",Crash
773,"wetransfer.com","https://wetransfer.com/",OK
775,"namecheap.com","https://www.namecheap.com/domains/how-to-choose-the-best-domain/",OK
777,"oxu.az","https://oxu.az/",Crash
780,"shopee.sg","https://shopee.sg/",OK
781,"espn.com","https://www.espn.com/f1/",OK
784,"soccer24.com","https://www.soccer24.com/",OK
785,"hulu.com","https://help.hulu.com/s/article/manage-subscription",OK
787,"premierleague.com","https://www.premierleague.com/stats/all-time",Crash
788,"upwork.com","https://www.upwork.com/",OK
792,"shopee.vn","https://shopee.vn/",OK
793,"elintransigente.com","https://elintransigente.com/",OK
797,"issuu.com","https://issuu.com/categories/arts-and-entertainment?issuu_product=footer&issuu_subproduct=explore&issuu_context=link",OK
798,"hamariweb.com","https://health.hamariweb.com/nauman-nasir-doc168459",Crash
799,"weather.com","https://weather.com/nl-BE/weer/vandaag/l/BEXX0005:1:BE",OK
802,"aliexpress.com","https://servicehall.aliexpress.com/home?language=en&from=byr_common&hcMapRule=aeMapRule",OK
803,"intuit.com","https://www.intuit.com/",OK
804,"rokna.net","https://www.rokna.net/answers",OK
807,"shippingchina.com","http://www.shippingchina.com/",OK
813,"hsbc.com.hk","https://www.hsbc.com.hk/legal/",OK
814,"slack.com","https://slack.com/",Crash
817,"payu.in","https://www.payu.in/",OK
818,"filmix.ac","https://filmix.ac/",OK
821,"bloomberg.com","https://www.bloomberg.com/help",OK
823,"linkedin.com","https://www.linkedin.com/learning/topics/leadership-and-management?trk=homepage-basic_learning-cta",OK
825,"wplay.co","https://www.wplay.co/apuestas/registro?product=sport&page=sport-registration&back_url=https://apuestas.wplay.co/",OK
826,"wrike.com","https://www.wrike.com/",OK
835,"cyol.com","http://news.cyol.com/gb/articles/2021-09/26/content_3Mq7LszVK.html",OK
841,"ca.gov","https://www.ca.gov/living/",Crash
846,"repubblica.it","https://www.repubblica.it/",Crash
849,"primevideo.com","https://www.primevideo.com/",OK
850,"yeniakit.com.tr","https://www.yeniakit.com.tr/",OK
854,"soundcloud.com","https://soundcloud.com/",OK
856,"td.com","https://zh.td.com/ca/en/about-td/",OK
861,"elpais.com","https://elpais.com/ideas/",Crash
862,"rt.com","https://www.rt.com/sport/",OK
865,"elephantbet.co.ao","https://www.elephantbet.co.ao/about-us-2/",OK
869,"china.com","https://www.china.com/",OK
870,"cambridge.org","https://www.cambridge.org/news-and-insights/insights/what-have-GCSEs-ever-done-for-us",OK
871,"qq.com","https://sports.qq.com/cba/",Timeout
872,"youm7.com","https://www.youm7.com/story/2021/11/4/%D8%AA%D8%B7%D8%A8%D9%8A%D9%82-%D8%A7%D9%84%D9%8A%D9%88%D9%85-%D8%A7%D9%84%D8%B3%D8%A7%D8%A8%D8%B9-%D8%AA%D8%AD%D8%AF%D9%8A%D8%AB-%D8%AC%D8%AF%D9%8A%D8%AF-%D9%8A%D9%88%D8%A7%D9%83%D8%A8-%D8%AC%D9%85%D9%8A%D8%B9-%D9%86%D8%B8%D9%85-%D8%A7%D9%84%D8%AA%D8%B4%D8%BA%D9%8A%D9%84/5519625",Timeout
874,"biobiochile.cl","https://www.biobiochile.cl/noticias/salud-y-bienestar/vida-fitness/2021/11/03/los-alimentos-y-bebestibles-ideales-para-mantenerte-hidratado-si-no-te-gusta-el-agua.shtml",OK
878,"ebay-kleinanzeigen.de","https://themen.ebay-kleinanzeigen.de/immobilienprofis/",OK
882,"csdn.net","https://www.csdn.net/",Crash
884,"proiezionidiborsa.it","https://www.proiezionidiborsa.it/commodities/",Crash
886,"towardsdatascience.com","https://towardsdatascience.com/english-major-to-facebook-data-scientist-f607040b0488?source=collection_home---------2----------------------------&gi=4362f24675a5",OK
890,"mi.com","https://buy.mi.com/hk/item/3203900021",Crash
896,"office.com","https://www.office.com/",OK
907,"moniban.news","https://www.moniban.news/",Crash
908,"freecodecamp.org","https://www.freecodecamp.org/news/html-bold-text-tutorial-how-to-use-the-b-tag/",OK
910,"bhaskar.com","https://www.bhaskar.com/",Crash
913,"discover.com","https://homeloans.discover.com/apply/basichomeinfo?sc=HB475&ICMPGN=PUB_HNAV_LOANS_DHE_APPLY",OK
915,"icims.com","https://www.icims.com/community/partners/microsoft/",OK
925,"youporn.com","https://www.youporn.com/?page=1590",Crash
935,"gate.io","https://ventures.gate.io/",OK
941,"theguardian.com","https://www.theguardian.com/us",Crash
947,"panda.tv","https://panda.tv/",OK
950,"figma.com","https://www.figma.com/",OK
956,"people.com.cn","http://health.people.com.cn/GB/415859/index.html",OK
960,"stripe.com","https://stripe.com/docs/plugins",OK
961,"telugustop.com","https://telugustop.com/green-papaya-helps-to-weight-loss-%e0%b0%aa%e0%b0%9a%e0%b1%8d%e0%b0%9a%e0%b0%bf-%e0%b0%ac%e0%b1%8a%e0%b0%aa%e0%b1%8d%e0%b0%aa%e0%b0%be%e0%b0%af%e0%b0%bf",Crash
968,"focus.cn","https://house.focus.cn/loupan/t13/",OK
971,"android.com","https://www.android.com/",OK
973,"lenovo.com","https://www.lenovo.com/us/en/",Crash
975,"cybozu.com","https://www.cybozu.com/jp/",OK
981,"instructure.com","https://www.instructure.com/media/oembed?url=https%3A//instructure-7.wistia.com/medias/djpubd36an&max_width=0&max_height=0&hash=E-RCPg_EHw2JrGYlH58wjgdyLvczzKdzqb5LmyJBUeQ",OK
982,"ny.gov","https://www.ny.gov/counties",OK
984,"hangseng.com","https://www.hangseng.com/en-hk/home/",OK
986,"pcmag.com","https://www.pcmag.com/events",OK
994,"thingiverse.com","https://www.thingiverse.com/",OK
995,"deepl.com","https://www.deepl.com/app",OK
997,"meetup.com","https://www.meetup.com/",OK
1000,"lever.co","https://www.lever.co/solutions/recruitment-marketing/",OK
1001,"360.com","https://www.360.com/",OK
1005,"clickbank.com","https://www.clickbank.com/partners/",OK
1009,"mozilla.org","https://developer.mozilla.org/en-US/docs/Tools",OK
1011,"coursera.org","https://www.coursera.org/google-career-certificates",OK
1016,"europa.eu","https://european-union.europa.eu/legal-notice_en",OK
1022,"experian.com","https://www.experian.com/mortgage/",OK
1024,"wellsfargo.com","https://www.wellsfargo.com/",Crash
1026,"skype.com","https://www.skype.com/en/",Crash
1027,"nih.gov","https://www.nih.gov/nondiscrimination-notice-language-assistance-services#spanish",Crash
1032,"almaghreb24.com","https://www.almaghreb24.com/%d8%a7%d9%84%d8%b3%d9%88%d8%af%d8%a7%d9%86-%d8%a7%d9%84%d8%a7%d8%aa%d8%ad%d8%a7%d8%af-%d8%a7%d9%84%d8%a5%d9%81%d8%b1%d9%8a%d9%82%d9%8a-%d9%8a%d8%b7%d8%a7%d9%84%d8%a8-%d8%a8%d8%a7%d9%84%d8%a5%d9%81/",Crash
1036,"pipedrive.com","https://www.pipedrive.com/en/blog",Crash
1042,"cricbuzz.com","https://www.cricbuzz.com/cricket-news",OK
1047,"trulia.com","https://www.trulia.com/",OK
1049,"mail.ru","https://games.mail.ru/?from=navi&utm_source=ok.ru&utm_medium=portal_navigation_ok&utm_campaign=games.mail.ru&mt_sub3=games.mail.ru&mt_click_id=mt-r2rkj0-1638895311-2594690453&mt_sub1=ok.ru&mt_sub4=portalka&mt_sub2=portal_navigation_ok",Timeout
1050,"labanquepostale.fr","https://www.labanquepostale.fr/",OK
1066,"nicehash.com","https://www.nicehash.com/",OK
1067,"bing.com","https://www.bing.com/",OK
1068,"roblox.com","https://www.roblox.com/",OK
1070,"netsuite.com","https://www.netsuite.com/portal/home.shtml",OK
1075,"discord.com","https://discord.com/terms",OK
1076,"binance.com","https://www.binance.com/en/official-verification",OK
1079,"soft98.ir","https://linkdoni.soft98.ir/link-24820.html",OK
1080,"investing.com","https://cn.investing.com/",Crash
1084,"clickpost.jp","https://clickpost.jp/",OK
1089,"samsung.com","https://www.samsung.com/us/",OK
1090,"steampowered.com","https://store.steampowered.com/app/227300/Euro_Truck_Simulator_2/?snr=1_4_4__tab-Specials",OK
1093,"azertag.az","https://azertag.az/en/bolme/anniversary_greetings",OK
1096,"gmarket.co.kr","http://member2.gmarket.co.kr/CustomerCenter/NoticeMain",OK
1100,"hostgator.com","https://www.hostgator.com/reseller-hosting",OK
1103,"shutterstock.com","https://support.shutterstock.com/s/article/Which-browsers-do-Shutterstock-com-and-Shutterstock-Editor-support?language=en_US",OK
1107,"stackoverflow.com","https://stackoverflow.com/jobs",OK
1111,"xjtu.edu.cn","http://news.xjtu.edu.cn/info/1033/172856.htm",OK
1114,"scribd.com","https://www.scribd.com/",OK
1115,"mit.edu","https://www.mit.edu/",OK
1116,"cbssports.com","https://www.cbssports.com/newsletters/",OK
1119,"imgur.com","https://imgur.com/",Crash
1120,"airtable.com","https://www.airtable.com/inspiration",OK
1125,"ozon.ru","https://www.ozon.ru/",OK
1128,"wordreference.com","https://www.wordreference.com/estr/",OK
1135,"onet.pl","https://www.onet.pl/sport/goal/moyes-o-west-hamie-ten-klub-jest-dla-mnie-idealny/8zn6s9s",OK
1143,"metamask.io","https://metamask.io/",OK
1146,"flashscore.com","https://www.flashscore.com/tennis/",OK
1155,"taboola.com","https://www.taboola.com/",OK
1159,"inquirer.net","https://pop.inquirer.net/116369/acclaimed-artist-producer-elephante-shines-on-sophomore-album-heavy-glow",Crash
1161,"www.gov.br","https://www.gov.br/pt-br",OK
1169,"line.me","https://pay.line.me/portal/jp/main",OK
1176,"sourceforge.net","https://sourceforge.net/",OK
1180,"trello.com","https://trello.com/integrations",Crash
1181,"backmarket.com","https://www.backmarket.com/about-us#back-label",OK
1195,"smallpdf.com","https://smallpdf.com/da",OK
1218,"douban.com","https://www.douban.com/group/explore?tag=%C3%A5%C2%8F%C2%91%C3%A6%C2%B3%C2%84",Crash
1219,"brilio.net","https://www.brilio.net/duh/",OK
1220,"thestartmagazine.com","https://www.thestartmagazine.com/feed/summary",OK
1228,"beytoote.com","https://www.beytoote.com/birth-horoscope",OK
1230,"surveymonkey.com","https://www.surveymonkey.com/apps?ut_ctatext=App%20Directory&ut_source=homepage&ut_source3=footer",OK
1232,"statcounter.com","https://statcounter.com/free-hit-counter/",OK
1237,"getpocket.com","https://getpocket.com/publisher/",OK
1251,"vaghtesobh.com","https://www.vaghtesobh.com/",OK
1252,"huya.com","https://www.huya.com/hycoc",OK
1254,"slideshare.net","https://www.slideshare.net/upload",OK
1255,"cnet.com","https://www.cnet.com/coronavirus/",OK
1257,"readmanganato.com","https://readmanganato.com/",OK
1262,"mynet.com","https://www.mynet.com/kucuk-gozleri-yepyeni-bir-forma-sokan-makyaj-sirlari-1269170-mykadin",OK
1264,"unsplash.com","https://unsplash.com/brands",Timeout
1266,"iqiyi.com","https://list.iqiyi.com/www/1/-------------11-1-1-iqiyi--.html",OK
1273,"anjuke.com","https://www.anjuke.com/esfcommon-captcha-wy?callback=shield&from=antispam&namespace=anjuke_c_pc&serialID=409f8f842d70d60eea8f5cb6bfd083b0_2920009d91fb40f1aac995d350ec5e56&history=aHR0cHM6Ly93d3cuYW5qdWtlLmNvbS8%3D",OK
1286,"shopee.co.id","https://shopee.co.id/",OK
1291,"poocoin.app","https://poocoin.app/",OK
1292,"goodreads.com","https://www.goodreads.com/api",OK
1307,"chess.com","https://www.chess.com/",OK
1313,"keywordtool.io","https://keywordtool.io/google-suggest",OK
1320,"prtimes.jp","https://prtimes.jp/tv/info_tv/",OK
1348,"bankofamerica.com","https://www.bankofamerica.com/sitemap/state-select.go",Crash
1354,"kp.ru","https://www.kp.ru/russia/",OK
1359,"nypost.com","https://nypost.com/",Timeout
1360,"aol.com","https://www.aol.com/news/qanon-supporters-gather-over-theory-210003091.html",Crash
1365,"11st.co.kr","https://www.11st.co.kr/",OK
1386,"bbc.com","https://www.bbc.com/travel/bespoke/untold-america/",OK
1391,"cengage.com","https://www.cengage.com/training/",OK
1401,"kijiji.ca","https://www.kijiji.ca/kijijicentral/general/about-us/?utm_source=Kijiji&utm_medium=Footer",OK
1407,"livejournal.com","https://www.livejournal.com/category/18+/?prioritySection=ratings",OK
1417,"lentainform.com","https://www.lentainform.com/personssergey-lazarev",OK
1421,"thefreedictionary.com","https://forum.thefreedictionary.com/postst212228_bedaub.aspx",OK
1429,"weibo.com","https://weibo.com/us",Timeout
1443,"marketwatch.com","https://www.marketwatch.com/newsletters",Crash
1450,"trontv.com","https://trontv.com/#!/",OK
1468,"iyiou.com","https://www.iyiou.com/",OK
1471,"feedly.com","https://feedly.com/",OK
1473,"nhk.or.jp","https://www3.nhk.or.jp/news/",OK
1477,"rambler.ru","https://www.rambler.ru/",Crash
1479,"vk.com","https://vk.com/about",OK
1482,"olx.pl","https://www.olx.pl/muzyka-edukacja/pozostala-muzyka-edukacja/",OK
1484,"pancakeswap.finance","https://www.pancakeswap.finance/",OK
1486,"playstation.com","https://www.playstation.com/en-us/",OK
1490,"citi.com","https://www.citi.com/",OK
1495,"etrade.com","https://us.etrade.com/home",Crash
1504,"inb.network","https://inb.network/",OK
1506,"coursehero.com","https://www.coursehero.com/",Timeout
1509,"okezone.com","https://celebrity.okezone.com/read/2021/11/04/33/2496825/jenazah-vanessa-angel-dan-bibi-ardiansyah-tak-dikubur-satu-liang-lahat-kenapa",Crash
1511,"nikkei.com","https://www.nikkei.com/photo/news/article/?ng=DGXZQOFH049PT0U1A101C2000000",Timeout
1513,"banggood.com","https://www.banggood.com/Wholesale-Camp-Bedding-c-2106.html",OK
1520,"battle.net","https://us.shop.battle.net/en-us",OK
1525,"youtube.com","https://www.youtube.com/howyoutubeworks/policies/copyright/",OK
1551,"9gag.com","https://9gag.com/",Crash
1554,"zerodha.com","https://pulse.zerodha.com/",OK
1555,"disqus.com","https://disqus.com/",OK
1567,"tianya.cn","http://service.tianya.cn/",OK
1568,"spiegel.de","https://www.spiegel.de/wissenschaft/",OK
1570,"storm.mg","https://www.storm.mg/technology",Crash
1596,"wix.com","https://users.wix.com/signin?postLogin=https:%2F%2Fmanage.wix.com%2Fmy-account%2Fsites&originUrl=https:%2F%2Fmanage.wix.com%2Fmy-account%2Fsites&overrideLocale=en&forceRender=true",OK
1616,"chsi.com.cn","https://www.chsi.com.cn/news/",OK
1636,"ndtv.com","https://gadgets.ndtv.com/dell-inspiron-14-5410-price-in-india-101315#pfrom=home-ndtv_tech",OK
1638,"pandora.com","https://blog.pandora.com/",OK
1648,"cnblogs.com","https://www.cnblogs.com/yangleiyu/p/15508841.html",OK
1657,"live.com","https://outlook.live.com/owa/",OK
1669,"inews.id","https://www.inews.id/",Crash
1676,"espncricinfo.com","https://www.espncricinfo.com/magazine/content/story/149171.html",OK
1688,"wiley.com","https://www.wiley.com/en-us/Medicine%2C+Nursing+%26+Dentistry/Anesthesia+%26+Pain+Management-c-MD30",OK
1699,"itopvpn.com","https://recorder.itopvpn.com/online-screen-recorder",OK
1700,"alimama.com","https://www.alimama.com/index.htm",OK
1748,"lolesports.com","https://lolesports.com/",OK
1761,"varzesh3.com","https://www.varzesh3.com/",OK
1764,"crowdworks.jp","https://crowdworks.jp/times/interview/1181?ref=toppage",OK
1765,"irctc.co.in","https://www.irctc.co.in/nget/",OK
1767,"tumblr.com","https://www.tumblr.com/support",Crash
1775,"haiwainet.cn","https://m.haiwainet.cn/middle/456317/2021/1102/content_32264499_1.html",OK
1782,"zendesk.com","https://www.zendesk.com/customer-experience-trends/",Crash
1783,"eghtesadnews.com","https://www.eghtesadnews.com/",OK
1799,"fnb.co.za","https://www.online.fnb.co.za/onlineContent/ga_bridge.html",OK
1804,"tsichuan.com","http://www.tsichuan.com/en/",Timeout
1815,"jd.com","https://corporate.jd.com/home",OK
1820,"qoo10.sg","https://www.qoo10.sg/gmkt.inc/Deal/TimeSale.aspx?fit=701120084%2C701113716&jaehuid=A135538799&master_popup_slot_no=864904&master_popup_ext_val_1=xyc_g_1_lqLs58r52vPRiaExVw_g_3__g_3_&landing_page_no=1455&landing_page_value=240185",OK
1831,"freepik.com","https://www.freepik.com/",OK
1843,"haqqin.az","https://www.haqqin.az/",Crash
1844,"privatbank.ua","https://credithelp.privatbank.ua/",OK
1852,"dmm.co.jp","https://www.dmm.co.jp/top/",OK
1882,"nature.com","https://www.nature.com/naturecareers/job/dean-for-the-faculty-of-health-and-medical-sciences-university-of-copenhagen-university-of-copenhagen-ucph-747017",OK
1914,"duolingo.com","https://www.duolingo.com/",OK
1928,"informer.com","https://punbb.informer.com/",OK
1939,"pixnet.net","https://www.pixnet.net/",OK
1944,"indeed.com","https://www.indeed.com/q-Bartender-jobs.html",Timeout
1953,"sozcu.com.tr","https://www.sozcu.com.tr/",OK
1977,"t20worldcup.com","https://www.t20worldcup.com/mvt",Crash
1979,"ouedkniss.com","https://www.ouedkniss.com/?lang=ar",OK
1982,"stocktwits.com","https://stocktwits.com/",Crash
2011,"tutorialspoint.com","https://www.tutorialspoint.com/index.htm",OK
2017,"usbank.com","https://www.usbank.com/index.html",Crash
2022,"shayanews.com","https://shayanews.com/",Crash
2024,"ih5.cn","https://www.ih5.cn/not-logged-in",OK
2050,"mytheresa.com","https://www.mytheresa.com/en-hk/designers/balenciaga/clothing.html?fo=clothing_p2_02",Timeout
2056,"zhanqi.tv","https://www.zhanqi.tv/v2/videos/967478.html",OK
2131,"tencent.com","https://spd.tencent.com/portal",OK
2134,"1688.com","https://baike.1688.com/",OK
2154,"ebay.fr","https://www.ebay.fr/",OK
2167,"vanguard.com","https://investor.vanguard.com/corporate-portal",OK
2176,"remove.bg","https://www.remove.bg/ipc",OK
2181,"u.gg","https://u.gg/",Timeout
2191,"invisionapp.com","https://www.invisionapp.com/",OK
2214,"sogou.com","https://www.sogou.com/",OK
2224,"chase.com","https://secure07c.chase.com/web/auth/dashboard",OK
2242,"goldcarpet.cn","http://www.goldcarpet.cn/index.php?ctl=deal&act=show&id=19193",OK
2283,"docusign.com","https://www.docusign.com/",Crash
2297,"ecer.com","http://www.ecer.com/",OK
2308,"southwest.com","https://www.southwest.com/",OK
2336,"dropbox.com","https://www.dropbox.com/app-integrations",Crash
2345,"telewebion.com","https://plus.telewebion.com/",OK
2354,"seekingalpha.com","https://seekingalpha.com/",OK
2374,"google.com","https://www.google.com/business/",OK
2376,"plantvsundead.com","https://plantvsundead.com/cdn-cgilemail-protection#92faf7fefefdd2e2fef3fce6e4e1e7fcf6f7f3f6bcf1fdff",OK
2380,"cnbeta.com","https://www.cnbeta.com/topics/305.htm",Crash
2391,"quip.com","https://quip.com/",OK
2427,"target.com","https://corporate.target.com/careers/",OK
2436,"qiita.com","https://qiita.com/",OK
2443,"w3schools.com","https://www.w3schools.com/",OK
2452,"yjc.news","https://www.yjc.news/",Crash
2507,"ukr.net","https://www.ukr.net/",OK
2509,"torob.com","https://torob.com/shop-list/?page=2",Crash
2521,"shopee.com.my","https://shopee.com.my/",OK
2551,"kdslife.com","https://www.kdslife.com/",OK
2575,"bedbathandbeyond.com","https://video.bedbathandbeyond.com/",OK
2588,"udn.com","https://udn.com/news/index",Crash
2658,"yahoo.com","https://login.yahoo.com/?.lang=en-US&src=homepage",OK
2666,"ebay.de","https://www.ebay.de/",OK
2740,"epicgames.com","https://www.epicgames.com/help/en-US/",Crash
2774,"zhihu.com","https://www.zhihu.com/signin?next=%2F",OK
2780,"autotrader.com","https://www.autotrader.com/",OK
2798,"nextdoor.com","https://nextdoor.com/",OK
2804,"kakao.com","https://cs.kakao.com/",OK
2820,"hdfcbank.com","https://offers.smartbuy.hdfcbank.com/disclaimer?r=bIF9m3p2ylJQgQKNC1D4Pq7abvg%2Fu8zSvDPX7WT83b0%3D",OK
2863,"box.com","https://www.box.com/",OK
2881,"elmundo.es","https://saposyprincesas.elmundo.es/",OK
2885,"amazon.sa","https://sell.amazon.sa/?ref_=assa_soa_rd&_encoding=UTF8&id=ld=AZSASOA_AR&refTag=footer_soa_ar",OK
2909,"meituan.com","https://verify.meituan.com/v2/web/general_page?action=spiderindefence&requestCode=fbc60a544fb3486388e079a5ee3e84d8&platform=1000&adaptor=auto&succCallbackUrl=https%3A%2F%2Foptimus-mtsi.meituan.com%2Foptimus%2FverifyResult%3ForiginUrl%3Dhttp%253A%252F%252Fwww.dianping.com%252Fshenzhen%252Fch70%252Fg34305&theme=dianping",OK
